,SalePrice
SalePrice,1.0
QualityArea,0.8741160990972641
TotalSF,0.8328770355221631
OverallQual,0.7957742674249464
GrLivArea,0.7349681645359329
TotalBsmtSF,0.6511529110475418
GarageCars,0.6410470076412781
TotalBath,0.6358962975612408
1stFlrSF,0.6315303791990011
GarageArea,0.6292174507181139
FullBath,0.5621647454363053
TotRmsAbvGrd,0.5377688162415999
HouseAge,0.524067005564087
YearBuilt,0.5236084007013642
YearsSinceRemodel,0.5097057958391052
YearRemodAdd,0.5077166405619469
MasVnrArea,0.4827193528328677
Fireplaces,0.4698624075899237
BsmtFinSF1,0.40938394192420097
LotFrontage,0.3705843749532839
